student_id,first_name,last_name,email,gpa,city,enroll_date
S0000,Laura,Pearson,joshua00@example.org,2.01,Crystalberg,2024-07-18
S0001,Emily,Hernandez,cproctor@example.org,3.83,Coxton,2024-11-15
S0002,Isabella,Ruiz,tracey09@example.net,2.89,Julieton,2025-10-04
S0003,Amy,Gibson,lreeves@example.com,3.39,Josephville,2024-08-18
S0004,Mathew,Boyd,saundersnicole@example.com,3.62,New Erin,2025-08-18
S0005,Sharon,Huffman,nbeasley@example.net,3.09,East Maryburgh,2024-07-17
S0006,Matthew,Miller,parrishbrandy@example.org,3.57,Lake Ashleybury,2024-05-24
S0007,Emily,Lee,jessica53@example.net,2.79,New Amanda,2024-06-21
S0008,Ronald,Bennett,paulhaynes@example.org,3.77,Port Jessicabury,2025-05-25
S0009,Robin,Swanson,moconnor@example.net,2.27,Port Cindy,2024-07-16
S0010,Hannah,Morales,mooreadam@example.net,2.16,Christopherchester,2024-06-21
S0011,Lisa,Townsend,qjohnson@example.org,2.66,South Chelsea,2025-09-02
S0012,Marc,Pearson,pgarcia@example.org,2.16,Carrilloton,2024-05-07
S0013,Austin,Carter,schroederjohn@example.org,3.03,East Timothy,2025-09-23
S0014,Amanda,Roach,mphillips@example.net,3.65,Leechester,2025-04-23
S0015,Kimberly,May,brentbailey@example.com,2.51,South Michael,2025-11-27
S0016,Kyle,Davis,jessicaford@example.net,2.92,Lake Katie,2025-06-24
S0017,April,Smith,colleenedwards@example.org,2.0,Caseyshire,2025-06-08
S0018,Rebecca,Thomas,dawnwhite@example.org,3.36,North Linda,2024-08-14
S0019,Paul,Thornton,danielsmith@example.com,2.04,Christinamouth,2024-08-10
S0020,Rebecca,Hernandez,dunnkeith@example.org,2.94,East Mariafort,2025-04-10
S0021,Nicholas,Griffin,lindsey26@example.net,2.61,North Tara,2024-09-19
S0022,Cynthia,Wilson,jenniferatkinson@example.net,3.94,Perezside,2024-11-07
S0023,Henry,Estrada,abigail12@example.com,3.93,Deanbury,2025-03-05
S0024,Michele,Johnson,browndavid@example.org,2.42,New Martinbury,2025-03-15
S0025,Sue,Lang,petersonjodi@example.org,3.24,Elijahport,2024-05-18
S0026,Jeffrey,Collins,emily75@example.org,2.46,Wheelermouth,2024-07-31
S0027,Melissa,Mccarty,kimberly29@example.net,2.83,Josephport,2024-02-04
S0028,John,Good,maldonadomatthew@example.net,2.89,Port Deborah,2025-06-03
S0029,Danielle,Clark,wjohnson@example.net,2.73,Traceyport,2025-11-19
S0030,Crystal,Harvey,emacias@example.org,2.23,Carlaton,2024-08-08
S0031,Nicholas,King,hsingh@example.org,2.05,Martinezshire,2024-05-09
S0032,Jessica,Stone,ljones@example.org,3.8,Amyview,2025-01-14
S0033,Matthew,Rodriguez,jdavis@example.net,3.98,Sandrashire,2025-10-12
S0034,Sydney,Mccarty,willie27@example.com,3.81,New Andrew,2024-05-12
S0035,Luke,Mitchell,sosborne@example.org,3.17,Patriciaside,2024-10-20
S0036,Michael,Wright,jessica55@example.com,3.11,Tracieborough,2025-05-08
S0037,Philip,Wilson,brenda63@example.net,2.65,Lake Bradleyfurt,2025-04-21
S0038,Melissa,Harmon,mathewsalexander@example.net,2.38,West Jessicaborough,2025-10-25
S0039,Scott,Lozano,timothy20@example.net,3.35,Port Katrina,2024-08-13
S0040,Brian,Smith,danielhowe@example.org,2.33,Port Alejandra,2025-04-05
S0041,Denise,Clark,davidbrown@example.com,2.53,West Jasmine,2024-01-26
S0042,Matthew,Nguyen,nathanpalmer@example.com,2.94,Ortegamouth,2025-11-04
S0043,Kaitlin,Ballard,jdiaz@example.com,2.12,Carolinebury,2025-07-23
S0044,Tammy,Hinton,james11@example.org,3.21,Amandaburgh,2025-07-18
S0045,Yolanda,Owen,riverajessica@example.net,2.43,South Frank,2024-11-28
S0046,Christina,Lopez,smitchell@example.net,2.64,Port Ralphville,2025-04-23
S0047,Kristy,Mann,monica34@example.org,3.69,Wrightberg,2024-06-06
S0048,Steven,Graham,ann69@example.net,3.2,Isaacberg,2025-05-16
S0049,Joan,Johnson,lindanguyen@example.net,3.19,Adamsport,2024-03-29
S0050,Kelsey,Rice,wortiz@example.net,3.28,North Steven,2024-12-11
S0051,Michael,Edwards,uspencer@example.com,2.08,North Terrihaven,2025-11-05
S0052,Wesley,Moody,michaellucero@example.org,3.82,East Douglasfort,2024-01-08
S0053,Sean,Williams,robertkelly@example.org,3.67,Geraldfort,2025-01-30
S0054,Richard,Gallegos,mullenjames@example.org,2.39,West Heather,2025-01-14
S0055,Cynthia,Horton,owolfe@example.com,2.53,West Kelly,2025-08-11
S0056,Stephanie,Dominguez,rebecca81@example.net,2.21,West Tina,2024-02-20
S0057,Christopher,Smith,jenniferweaver@example.org,3.88,West Stephen,2025-08-17
S0058,Alexis,Perez,kwilliams@example.com,2.63,West Daniel,2024-03-16
S0059,Brandon,Chang,helen29@example.com,2.41,East Michael,2024-10-28
S0060,Joseph,Flynn,nathanielhill@example.com,2.27,Karenfort,2023-12-18
S0061,Kathy,Henson,walterbaxter@example.org,2.15,Delacruzville,2025-07-08
S0062,Rachel,Jones,claymaria@example.org,3.64,Padillaport,2024-11-01
S0063,Harold,Sullivan,gferguson@example.net,2.45,New Andrea,2025-12-02
S0064,Matthew,Hanson,gomezjamie@example.com,2.21,North Ashley,2024-01-21
S0065,Bradley,Boyd,leroypatterson@example.net,3.97,South Karina,2025-04-30
S0066,Lindsay,Liu,nicole60@example.com,2.24,South Cliffordfurt,2024-01-25
S0067,Henry,Riggs,rodriguezedward@example.net,2.03,New Christinastad,2024-04-11
S0068,Allison,Hawkins,cooperjulie@example.net,3.45,Aprilland,2024-03-10
S0069,Laurie,Walker,pwaller@example.com,3.37,East David,2024-06-08
S0070,Michelle,Rice,jessicachambers@example.com,2.45,East Jill,2025-10-03
S0071,Jonathan,Chavez,wrightdouglas@example.org,3.9,Jackport,2024-10-12
S0072,Jeffrey,Huff,dmurphy@example.org,3.43,South Sara,2024-11-25
S0073,Andrew,Griffin,jamesbond@example.com,2.78,North Meganstad,2025-10-11
S0074,Richard,Padilla,ccompton@example.com,2.89,Millerbury,2025-03-31
S0075,Amanda,Beard,jkrueger@example.com,2.25,Port Karen,2024-05-21
S0076,Stuart,Hall,opratt@example.com,2.09,Lake Shawnbury,2024-01-18
S0077,Diamond,Douglas,elizabeth70@example.org,2.84,Juliahaven,2024-11-14
S0078,Chloe,Lee,stephanie17@example.org,2.5,Kempport,2024-03-11
S0079,Logan,Roberts,schmittclayton@example.org,2.62,Floresmouth,2025-04-17
S0080,Tyrone,Hawkins,ryan85@example.com,3.8,Atkinsberg,2025-10-26
S0081,Cory,Carlson,kanemartin@example.org,3.9,Garzaview,2024-01-01
S0082,James,Snow,barnettjacob@example.net,2.99,West Edwardchester,2024-05-31
S0083,William,Nelson,chelsea76@example.net,3.38,East Joshuaborough,2024-01-19
S0084,John,Campbell,staceyperez@example.net,2.34,Tracychester,2024-02-17
S0085,Timothy,Daniels,ramosmaria@example.net,2.02,Phillipsbury,2025-03-01
S0086,Carla,Hubbard,danielray@example.org,3.81,Scottstad,2025-01-13
S0087,Lisa,Delacruz,durhamdiana@example.net,3.02,Port Dawnport,2025-09-24
S0088,Valerie,Long,yevans@example.com,3.15,North Jefferybury,2024-10-01
S0089,Katherine,Lambert,kbowen@example.com,2.85,West Wayneton,2024-10-31
S0090,Donna,Harvey,melissa89@example.org,2.73,New Wendyborough,2024-02-23
S0091,Autumn,Allen,melissa53@example.org,3.29,East Ashleyshire,2025-01-14
S0092,Paul,Reed,jking@example.net,2.06,Michaelburgh,2024-03-10
S0093,Erika,Butler,adam70@example.org,2.04,Lake Davidhaven,2024-08-13
S0094,Sharon,Velasquez,ppena@example.com,2.67,Johnstonchester,2024-04-30
S0095,Brad,Brown,ryanwilliams@example.net,2.03,Hobbsbury,2023-12-21
S0096,Adam,Reeves,ocrawford@example.com,2.33,Robertland,2024-01-15
S0097,Charles,Elliott,candicethompson@example.org,2.85,Nguyenborough,2024-05-24
S0098,Diane,Hickman,austinkimberly@example.net,2.92,Randallhaven,2025-11-18
S0099,Scott,Johnson,christinaaguilar@example.com,2.68,West Dennis,2025-02-20
S0100,Stacey,Hutchinson,brianwise@example.net,2.51,Carlchester,2025-10-13
S0101,Dawn,Peters,kimelizabeth@example.net,3.01,Melendezstad,2025-12-03
S0102,Daniel,Callahan,xmejia@example.net,2.53,Stephanieville,2025-04-03
S0103,Alyssa,Murray,michelle47@example.org,2.79,Rodriguezside,2024-11-20
S0104,Eric,Mcdonald,justinjohnson@example.org,2.74,Bryanchester,2025-11-27
S0105,Andrew,Archer,chad19@example.org,3.11,Reynoldston,2025-08-16
S0106,Kyle,White,sarahlopez@example.net,3.08,Christianhaven,2024-08-02
S0107,Sarah,Thompson,kevinmendoza@example.org,3.09,Lake Dannyberg,2024-06-19
S0108,David,Kennedy,rodriguezrichard@example.net,2.25,West Amber,2024-02-29
S0109,Adam,Bowman,ashley55@example.net,2.49,Aarontown,2024-09-19
S0110,Adam,Stewart,andrew30@example.org,3.18,Danaside,2025-11-27
S0111,Jordan,Burke,hmann@example.net,3.1,South Drew,2025-01-05
S0112,Alan,Salazar,ccarlson@example.com,2.2,Kaitlynshire,2024-07-01
S0113,Kristen,Martinez,dillonscott@example.org,2.52,Port Allison,2025-11-16
S0114,David,Martin,pmiller@example.org,2.17,Paulbury,2024-11-22
S0115,Elizabeth,Levine,parsonschristina@example.org,3.23,East Kristina,2025-02-11
S0116,Ronald,Simpson,jonathanhayes@example.org,3.35,West Valerie,2025-07-24
S0117,Shawn,Soto,kingbrian@example.com,2.48,Dominicborough,2025-03-16
S0118,Tara,Galloway,andrea40@example.com,2.88,Hodgeston,2025-09-19
S0119,Patrick,Hamilton,tanyamejia@example.net,3.91,South Pamela,2024-04-28
S0120,Robert,Anderson,dillonchelsea@example.org,2.3,East Jeremy,2024-01-08
S0121,William,Frank,kathleenhunt@example.com,2.87,Tracybury,2025-08-14
S0122,Jennifer,Fernandez,caseyjill@example.com,2.21,Jameschester,2025-05-04
S0123,Robert,Lang,reynoldsbrandy@example.net,2.39,Cindyville,2024-09-10
S0124,Anne,Rush,scott56@example.com,2.18,North Stacy,2025-10-18
S0125,Cassidy,Marks,ghenderson@example.org,2.25,New Rachel,2024-05-08
S0126,Devin,Lam,martinthomas@example.org,2.3,Victoriaton,2024-07-16
S0127,Tina,Lowery,sarah20@example.net,2.45,East Chad,2024-04-21
S0128,William,Delacruz,underwoodricardo@example.com,2.91,Arianastad,2024-11-19
S0129,Keith,Mejia,ogoodman@example.com,2.72,Antoniobury,2025-02-03
S0130,Gerald,Whitehead,kellysmith@example.com,2.94,North Shawnafurt,2024-09-16
S0131,Michael,Williams,hhess@example.com,3.96,Josephhaven,2025-02-05
S0132,Paul,Jackson,burnsanne@example.net,3.17,Markstad,2024-12-28
S0133,Ronald,Smith,sabrina47@example.com,3.68,Peterhaven,2024-06-14
S0134,April,Lowe,justindavenport@example.net,2.83,Lake Cassandra,2024-08-22
S0135,Chad,Pham,wpacheco@example.com,3.71,West Lisaberg,2024-02-22
S0136,Amy,James,alang@example.com,3.19,Kellyside,2024-10-17
S0137,Sandra,Cortez,gjones@example.org,3.43,East Jesse,2024-05-17
S0138,Keith,Morgan,scott20@example.net,3.53,Velazquezland,2024-02-28
S0139,Darlene,Parker,courtneyball@example.com,2.1,Lake Aaronmouth,2024-06-10
S0140,Robert,Liu,erictravis@example.com,3.69,East Kathyville,2024-06-29
S0141,Kevin,Michael,operry@example.net,2.62,Lake Jasmine,2024-12-25
S0142,Patricia,Rodriguez,vazquezmichael@example.net,2.77,East Kevin,2025-03-15
S0143,Travis,Fields,tommy83@example.net,3.45,North Sarahaven,2024-01-15
S0144,Claudia,Crawford,christian39@example.com,2.22,Jeffreychester,2024-09-10
S0145,Amy,Barker,ronald53@example.com,3.96,North Tannerberg,2024-02-08
S0146,Carrie,Norman,crystalcastaneda@example.com,3.68,Dawnmouth,2025-10-07
S0147,Adam,White,aaron11@example.com,3.13,Suzannemouth,2024-06-04
S0148,Marcus,Hawkins,amy80@example.net,3.12,Brownland,2025-05-22
S0149,Justin,Dorsey,kjones@example.com,3.8,Williamsville,2025-08-14
S0150,Mckenzie,Price,dgreene@example.net,2.5,Brooksmouth,2024-05-27
S0151,Chelsea,Thomas,keithlopez@example.com,2.82,Alvarezhaven,2024-12-07
S0152,John,White,christina66@example.org,3.24,Kingburgh,2024-10-18
S0153,Luis,Thomas,cclark@example.org,3.65,South Lawrence,2024-12-05
S0154,Nathan,Johnson,jameslopez@example.net,2.73,Rodneyhaven,2024-12-29
S0155,Andrew,Gonzalez,jgraham@example.org,3.44,New Sarah,2024-10-17
S0156,Dillon,Torres,johnsweeney@example.org,2.68,Tannerland,2025-10-16
S0157,Jennifer,Johnson,smithcarol@example.com,3.46,East Glenn,2025-08-14
S0158,Spencer,Manning,jonesbreanna@example.org,3.39,Charlesberg,2024-08-12
S0159,Tyler,Gordon,ocollins@example.com,2.99,Harrisside,2024-11-25
S0160,Stephen,Stewart,daniel82@example.com,2.41,Russellmouth,2025-02-05
S0161,Glen,Stanley,kvincent@example.net,2.93,South Karenview,2025-04-06
S0162,Breanna,Clark,robertfrank@example.org,2.55,North Nicholashaven,2025-09-05
S0163,Laura,Martinez,jonesryan@example.org,2.56,Foleyberg,2025-02-27
S0164,Julie,Spencer,penamelissa@example.org,2.02,Kevintown,2025-03-08
S0165,Ashley,Ruiz,john57@example.net,2.88,Myersborough,2024-10-28
S0166,Kathleen,Fitzgerald,twatson@example.org,3.61,South Carolynville,2025-01-14
S0167,Sara,Richardson,jlawrence@example.com,2.91,Rachelview,2023-12-23
S0168,Heidi,Ryan,pattersonbarbara@example.net,2.88,New Markville,2025-11-16
S0169,Ruben,Mcdonald,matthewcalhoun@example.com,2.28,Lisaburgh,2024-05-30
S0170,James,Williams,monica46@example.net,2.64,Aliciaburgh,2024-07-23
S0171,Joshua,Stephenson,brianrodriguez@example.net,2.82,Smithberg,2024-12-31
S0172,Michael,Weaver,gabrielle75@example.org,3.39,Bellfort,2024-01-21
S0173,Jeffrey,Tapia,allisonchristina@example.org,3.24,Alexfort,2024-07-24
S0174,Judy,Dalton,jenniferchavez@example.net,2.42,Duaneburgh,2024-03-24
S0175,David,Fox,bprince@example.com,2.43,East Molly,2025-12-13
S0176,Angela,Shepherd,fmurphy@example.net,3.68,Port Charleston,2024-01-26
S0177,Gary,Duncan,jacob96@example.org,3.85,Michaelshire,2024-01-19
S0178,James,Newton,ahenderson@example.net,3.1,South Kristitown,2025-10-15
S0179,Olivia,Sullivan,desireephillips@example.net,2.32,Russellview,2025-07-11
S0180,April,Horn,james60@example.org,3.11,West Kimberly,2025-06-08
S0181,Elizabeth,Kelly,christopherharris@example.com,3.42,North Sandra,2025-12-03
S0182,Morgan,Becker,tmiller@example.com,2.85,Littleport,2024-10-30
S0183,Jonathan,Parker,chelseamcguire@example.org,2.15,Mirandachester,2025-06-28
S0184,Sarah,Dixon,arusso@example.com,3.33,Elizabethview,2025-01-18
S0185,William,White,arielevans@example.org,2.71,Lake Jessicastad,2024-11-22
S0186,Ashley,Wells,john28@example.com,2.69,Williamsonhaven,2025-11-09
S0187,Herbert,James,vwoods@example.com,3.84,East Hannahton,2025-12-16
S0188,John,Smith,luistorres@example.com,2.12,Laurafurt,2025-06-25
S0189,Andrew,Hanson,brittanyvalencia@example.net,3.91,Yatesshire,2025-12-06
S0190,Amy,Austin,valerie89@example.net,3.63,Loriberg,2025-03-05
S0191,Stacie,Obrien,michael85@example.net,2.8,Johnsonchester,2024-09-04
S0192,Grace,Green,manuelmedina@example.net,3.08,New Melissa,2024-11-10
S0193,Heather,Perry,figueroacharlene@example.net,2.49,Nancyshire,2025-04-08
S0194,Kristy,Knox,bwoods@example.com,2.38,North Betty,2025-11-09
S0195,Randy,Morgan,yorkmatthew@example.org,3.01,East Katherine,2025-03-09
S0196,Megan,Price,iwhite@example.com,2.23,Port Dariusshire,2024-03-15
S0197,James,Mcdaniel,zwilliamson@example.net,2.06,Port April,2024-06-04
S0198,Kathryn,Moore,robin06@example.org,2.37,Port Kellyfort,2024-08-10
S0199,Jennifer,Smith,nbryan@example.net,3.36,Reedside,2025-05-18
S0200,Teresa,Rodriguez,odavis@example.com,2.22,South Timothy,2025-05-12
S0201,Kristina,Farrell,vthomas@example.org,2.78,Arthurview,2025-06-08
S0202,Justin,Wolf,qpitts@example.org,3.82,Lake Henry,2024-03-01
S0203,Scott,Chavez,michael65@example.org,2.82,North Brittany,2024-05-01
S0204,Janet,Woods,claudiathomas@example.net,2.75,East Johnfort,2025-09-15
S0205,Ashley,Watson,adrianabennett@example.com,3.17,Martinezfurt,2025-08-13
S0206,Don,Austin,derek87@example.net,2.35,Riveraside,2025-07-30
S0207,Seth,Schultz,jocelynwalters@example.net,3.98,Geraldville,2025-10-12
S0208,Sarah,Crosby,fsalas@example.org,2.22,West Dominicchester,2025-08-17
S0209,Abigail,Mitchell,peter65@example.net,2.37,Roseburgh,2024-06-15
S0210,Gary,Smith,mark62@example.net,3.82,Port Kristenside,2024-02-16
S0211,Andrew,Johnson,jeffery74@example.net,2.43,Chavezmouth,2024-03-11
S0212,Jessica,Harper,davistina@example.net,2.6,East Christineberg,2024-10-11
S0213,Stephen,Cross,yclark@example.org,3.25,Carterville,2025-10-07
S0214,James,White,brewerreginald@example.com,2.38,New Tonya,2025-11-07
S0215,Cathy,Roman,brittany08@example.net,2.63,Cathyport,2025-07-03
S0216,Kristen,Navarro,emilysullivan@example.com,2.28,East Michael,2025-09-21
S0217,Nicole,Moore,garciaphyllis@example.net,3.0,Joetown,2025-01-21
S0218,Michael,Hull,othomas@example.com,3.85,East Janet,2025-08-20
S0219,Erica,Donaldson,jcrane@example.org,2.39,Martinbury,2024-12-01
S0220,John,Dean,glasskelli@example.com,3.85,West Brianshire,2024-11-04
S0221,Brian,Ochoa,cindyrobinson@example.org,2.05,East Jennifer,2025-09-30
S0222,Nathan,Wolfe,yesenia92@example.net,2.38,East Monica,2024-12-29
S0223,Kristina,Johnson,kathleen81@example.org,2.43,Lake Johnfort,2025-07-17
S0224,Arthur,Mclean,martinezanthony@example.com,2.81,Meganview,2025-11-16
S0225,Thomas,Ramirez,chanrichard@example.org,2.94,Matthewburgh,2024-05-12
S0226,Dylan,Thompson,alexandersanchez@example.net,2.64,West Paula,2024-10-19
S0227,Janet,Hester,sullivanjamie@example.net,3.6,Lake Destinyville,2024-05-12
S0228,Nancy,Hall,elizabethvaldez@example.net,2.77,Kathleenbury,2025-01-21
S0229,Adam,Edwards,cpierce@example.com,2.9,New Mistyhaven,2025-02-11
S0230,Nicole,Herrera,gchavez@example.net,2.14,Sylviaport,2025-05-04
S0231,David,Stewart,qkaufman@example.net,2.98,South Ana,2025-06-10
S0232,Matthew,Jarvis,stanleyhaley@example.com,3.57,Jonesmouth,2025-02-21
S0233,Kathryn,Martin,phillip48@example.com,3.07,Adammouth,2025-08-01
S0234,Belinda,Gomez,cruzkevin@example.org,2.59,Robertview,2025-12-04
S0235,Alan,Brown,porterstacie@example.net,2.31,East Jennifer,2025-06-05
S0236,Eric,Mendoza,uhall@example.com,3.12,Jonathanberg,2025-01-20
S0237,Michael,Ramos,michaelroach@example.net,2.72,South Laura,2025-02-09
S0238,John,Moon,geraldstone@example.org,2.42,New Tommouth,2024-05-28
S0239,Maria,Hall,iperry@example.com,2.7,East Andrew,2025-07-20
S0240,Gregory,Shaffer,langtimothy@example.net,3.14,Olsenburgh,2024-01-12
S0241,Lauren,Hernandez,mark71@example.net,2.22,Gonzalezmouth,2024-04-21
S0242,Brandy,Cook,henrytyrone@example.com,2.83,Moranfort,2024-09-01
S0243,Brian,Valentine,zacharywright@example.org,3.19,Susanshire,2024-01-14
S0244,Melissa,Day,blakefrederick@example.org,3.43,Scottmouth,2024-03-07
S0245,Laura,Hernandez,colleenmills@example.com,2.13,Andrewshire,2025-08-07
S0246,Michael,Peterson,garciastephanie@example.org,3.62,Lake Amyberg,2024-12-13
S0247,Kenneth,Dean,jimmy27@example.com,3.15,East Jeremy,2025-01-25
S0248,Jeremy,Velasquez,kayla72@example.org,3.22,New Jessicaport,2025-02-20
S0249,Kristen,Diaz,jacksonzachary@example.net,4.0,South Jessica,2024-09-03
S0250,James,Washington,guerreroshannon@example.org,2.21,West Teresaton,2024-08-21
S0251,Jesus,Davis,charlotte36@example.org,3.59,West Vanessa,2025-10-23
S0252,Diane,Glover,eringregory@example.com,3.1,Alexisfort,2025-12-07
S0253,Eric,Wilson,wramirez@example.org,2.85,North Elizabeth,2025-05-29
S0254,Amber,Pitts,atkinsonjeremy@example.org,2.88,Karenborough,2024-03-04
S0255,Brian,Gibbs,kristen54@example.org,3.4,Sherrystad,2025-01-25
S0256,Jason,Sharp,johnsonkristen@example.org,2.96,Rachelmouth,2024-03-18
S0257,Nicholas,Maldonado,floydkaitlyn@example.net,3.91,South Denise,2024-11-18
S0258,David,Fitzpatrick,ashley40@example.com,3.87,Port Rebecca,2025-11-16
S0259,Rebecca,Payne,hcosta@example.com,3.15,Morrisville,2025-07-28
S0260,Chloe,Avery,douglas73@example.org,3.6,East Chadchester,2024-04-29
S0261,Eric,Davis,garrettsmith@example.net,2.09,Stacyport,2024-07-09
S0262,Rachel,Duke,josephwilliams@example.org,3.01,Rogersville,2024-02-14
S0263,Angela,Smith,walter64@example.org,2.9,West Ralph,2024-01-26
S0264,Andrew,Durham,grahammichael@example.org,3.92,East Richard,2025-11-17
S0265,Susan,Wright,bakergregory@example.net,3.76,Yatesport,2025-04-13
S0266,Jason,Carter,mcdanieljeffery@example.net,2.14,New Matthewview,2024-04-02
S0267,William,Peterson,jacksongregory@example.org,3.45,Solischester,2025-03-16
S0268,Christopher,Williamson,joseph28@example.org,3.64,South Joseph,2025-02-20
S0269,Heather,Harris,destrada@example.com,3.67,Port Jamesburgh,2024-12-03
S0270,Robert,Herman,eterry@example.org,3.24,East Vincentland,2024-09-05
S0271,Justin,Bryan,david84@example.com,2.55,West Ralph,2024-10-27
S0272,Ryan,Fletcher,qacevedo@example.net,2.06,Lake Jimmyberg,2025-02-02
S0273,Alyssa,Miller,david74@example.net,2.15,Meganbury,2025-05-29
S0274,Jacob,Bell,amandajones@example.org,3.53,Rebeccaville,2024-01-23
S0275,Michael,Nunez,yrhodes@example.org,2.51,South Eric,2024-05-22
S0276,Lori,Lamb,doris99@example.org,2.33,Douglasview,2025-07-22
S0277,Holly,Kelley,xstephens@example.org,3.03,Johnsonborough,2023-12-24
S0278,Jessica,Drake,lowens@example.net,2.44,Diazport,2025-07-07
S0279,Raymond,Harper,normanlatoya@example.net,2.17,Scottborough,2025-09-27
S0280,Angela,Martinez,aharris@example.net,2.43,North Erika,2025-06-16
S0281,Steve,Burch,rpeters@example.com,2.6,New James,2024-03-20
S0282,Mary,Evans,fturner@example.com,3.32,East Jamie,2025-01-31
S0283,Carmen,Williams,ojones@example.org,2.95,East Morgan,2024-04-26
S0284,Mark,Foley,johnsontammy@example.org,2.56,South Bridget,2025-05-07
S0285,Mary,Le,hoganrichard@example.net,3.95,South Tonyview,2024-09-16
S0286,Jeffrey,Perry,daniel42@example.net,3.04,Thomasview,2024-06-07
S0287,Samuel,Peterson,landrews@example.org,2.79,New Brent,2024-06-10
S0288,Courtney,Nichols,fsaunders@example.net,2.71,Lake Samanthaburgh,2025-08-28
S0289,Kelly,Lopez,jtanner@example.com,2.31,Bensonberg,2025-06-02
S0290,Olivia,Silva,kendra16@example.com,2.12,Morganview,2024-02-03
S0291,Robert,Hall,scottgonzalez@example.com,2.75,South Renee,2024-11-02
S0292,Michael,Conley,nicholasrose@example.org,3.35,Donnaborough,2024-10-01
S0293,Melissa,Davis,charlesgibbs@example.net,3.87,Jenniferside,2024-01-17
S0294,Beverly,Chapman,turnerkristin@example.org,3.92,Lake Amandaland,2025-08-28
S0295,Bradley,Torres,jamessmall@example.com,2.54,Port Amanda,2024-05-13
S0296,Megan,Lynch,carlosvaldez@example.org,2.91,Lake Kevin,2025-07-20
S0297,Jessica,Barrett,alex71@example.org,2.68,Ramirezview,2025-02-14
S0298,Dorothy,Young,danieldaniels@example.com,3.19,Johnsonchester,2025-03-29
S0299,Kenneth,Maldonado,vincent79@example.org,3.1,East Rebeccachester,2025-09-21
S0300,Patricia,Little,youngcrystal@example.org,2.01,Port Elizabethtown,2025-06-25
S0301,Clarence,Hanson,kevin58@example.net,2.22,Williamsville,2024-11-11
S0302,Reginald,Jones,taylorshane@example.com,3.66,Lake Deniseland,2025-06-19
S0303,Jonathan,Wall,gloriacooper@example.org,3.16,Diazfort,2025-05-14
S0304,James,White,woodsjason@example.org,2.22,West Makayla,2024-08-09
S0305,Craig,Mcconnell,olivia21@example.org,3.3,Port Brittany,2024-10-29
S0306,Anthony,Kelley,pattersoncurtis@example.org,3.93,Kyleberg,2025-04-27
S0307,Rebekah,Johnson,uhooper@example.com,2.74,Robertsfort,2025-01-23
S0308,Kyle,Rodriguez,patrick74@example.org,3.98,West Elizabeth,2025-02-21
S0309,Michael,Scott,alec48@example.com,3.65,North Kathymouth,2025-07-16
S0310,Alan,Fields,hector07@example.net,2.32,Watkinsberg,2024-12-20
S0311,Laurie,Walton,chapmanpatricia@example.org,3.6,Port Linda,2024-03-21
S0312,Thomas,Adams,dominic97@example.com,2.67,Garrettborough,2025-12-05
S0313,Rebecca,Floyd,williamsedward@example.org,2.02,North Jennifermouth,2024-12-05
S0314,Jennifer,Lewis,corey51@example.net,3.65,Phamfort,2025-07-30
S0315,Randy,Mendez,dukejennifer@example.org,3.43,Austinfort,2025-04-28
S0316,Faith,Leonard,cmiller@example.org,2.76,South Danielle,2024-02-27
S0317,William,Woods,wendy66@example.net,3.66,New Robertmouth,2025-07-09
S0318,Raven,Baxter,sarahammond@example.com,3.3,Lake Zachary,2025-05-21
S0319,Katherine,Harris,barkerrenee@example.com,3.26,Patrickville,2025-05-13
S0320,Sarah,Hicks,rogersmichael@example.net,2.97,Davidstad,2025-01-16
S0321,Cory,Gonzalez,larry79@example.com,2.92,Angelastad,2024-02-07
S0322,Jose,Williams,kristina39@example.net,2.57,Gregoryshire,2025-12-14
S0323,Jennifer,Leonard,lambertalison@example.net,3.68,Annshire,2025-09-06
S0324,Jessica,Hopkins,thompsonmichelle@example.org,3.99,Maryberg,2024-08-31
S0325,Linda,Jones,eileen18@example.org,3.29,North Royport,2024-10-30
S0326,Darren,Farmer,davidrivera@example.org,2.21,East Elizabeth,2024-04-10
S0327,Kristen,Miller,rossjoshua@example.com,3.83,Lake Savannah,2024-11-24
S0328,Jill,Hayes,bruceelizabeth@example.org,3.9,Mayerland,2025-04-14
S0329,Timothy,Ortega,megansimpson@example.com,3.49,Craigberg,2024-10-29
S0330,William,Gibbs,brian38@example.com,2.66,Port Ashley,2024-02-28
S0331,Amy,Murphy,michaelfoster@example.com,3.78,New Timothy,2024-09-15
S0332,Jessica,Mitchell,hicksdavid@example.com,2.3,Port Christopherstad,2025-05-19
S0333,Adam,Garcia,laurenadams@example.net,2.52,East Thomas,2025-08-12
S0334,Dwayne,Robertson,patricia44@example.com,2.91,South Lindsey,2025-09-29
S0335,Timothy,Davis,stephanie35@example.net,2.32,Jenniferview,2024-07-11
S0336,Nathan,Morrison,cruzivan@example.com,2.39,Shawnmouth,2024-06-23
S0337,Alan,Ross,jamesbowers@example.net,3.89,Mcguireside,2025-02-27
S0338,Keith,Blackwell,blucas@example.com,3.17,Mosleyland,2024-09-15
S0339,Eddie,Warren,eddie26@example.org,2.49,Matthewville,2024-09-11
S0340,Joshua,Lewis,holderemily@example.com,3.6,South Nicole,2025-04-09
S0341,Meghan,Mcdonald,zrice@example.net,3.16,South Josephberg,2024-01-27
S0342,Donna,Diaz,sandra83@example.com,2.07,Smithstad,2024-02-05
S0343,Joe,Oconnor,rhodescollin@example.net,2.28,Lindsaystad,2024-11-14
S0344,Jason,Rivera,julie44@example.org,2.33,West Daniel,2024-03-21
S0345,Christopher,Becker,jeremyjohnson@example.net,3.12,Garciaborough,2025-02-19
S0346,Grant,Martinez,dgray@example.com,3.4,Laurenmouth,2025-11-12
S0347,Elizabeth,Hunter,michelle76@example.net,3.92,Lake Laurieport,2024-09-14
S0348,Daniel,Morrison,afletcher@example.net,3.34,Mcgrathfort,2025-07-29
S0349,Chad,Rodriguez,pgalvan@example.org,2.34,Cynthiachester,2024-10-01
S0350,Carlos,Reid,hayssamantha@example.com,3.77,Thomasville,2024-05-11
S0351,Kristina,Browning,rshea@example.net,2.61,West Jamie,2025-01-05
S0352,Rachel,Keller,juliewood@example.net,3.75,West Morgan,2025-08-20
S0353,Laura,Duran,mitchellrobert@example.org,2.16,Phillipland,2025-07-31
S0354,Robert,Matthews,alexisjones@example.com,3.98,Antoniobury,2025-04-29
S0355,Amber,Walton,perezshannon@example.com,3.92,North Michaelside,2024-11-29
S0356,Jacob,Miller,bradley28@example.org,3.68,South Crystalburgh,2024-01-05
S0357,Steven,Lowe,kdiaz@example.net,2.47,West Laurenhaven,2024-07-03
S0358,Jeffrey,Campbell,christina80@example.com,3.35,Lonnieshire,2024-03-18
S0359,Chad,Watson,wthornton@example.net,2.96,Greeneview,2025-11-11
S0360,Amanda,Reeves,hannahelen@example.com,2.89,Brownland,2024-09-13
S0361,John,Ramirez,chenapril@example.net,3.44,Baileyville,2025-11-24
S0362,Bobby,Reid,patrickwilliams@example.net,2.47,South Ricky,2024-10-23
S0363,Deanna,Butler,josecox@example.com,2.68,Morrowfort,2024-07-18
S0364,Jennifer,Johnson,hannah48@example.net,2.38,Avilafurt,2025-01-18
S0365,Melissa,Cohen,carl25@example.org,3.94,Port Laura,2025-03-31
S0366,Lauren,Wilcox,tmartinez@example.com,2.84,Michaelview,2025-07-15
S0367,Karen,Nelson,logan87@example.net,3.47,South Christopher,2025-02-07
S0368,Christian,Johnson,amandagarrett@example.org,2.76,New Donnafort,2025-01-16
S0369,James,Rose,csimmons@example.org,2.03,North Debra,2024-04-17
S0370,Chloe,Salazar,ojones@example.com,2.78,West Michelle,2024-11-15
S0371,James,Hood,abrown@example.net,3.07,Rodneyhaven,2025-06-16
S0372,Sherry,Tucker,riveraphillip@example.org,3.28,Lake Heidi,2025-03-19
S0373,Mark,Baker,mariahjuarez@example.com,2.56,North Emilychester,2025-01-14
S0374,Willie,Richardson,obryant@example.org,3.9,Bryceborough,2025-10-22
S0375,George,Aguirre,davidthompson@example.net,3.52,Lake Meganburgh,2024-06-11
S0376,Anthony,Ingram,tammy54@example.com,3.64,Chadstad,2025-10-16
S0377,Lisa,Jones,gary08@example.com,2.08,West Jasonport,2025-08-19
S0378,Jerry,Perkins,chelseaoneill@example.net,2.96,Port Marcia,2024-02-12
S0379,Tiffany,Wyatt,xdavid@example.com,2.72,North Kevin,2025-10-25
S0380,Jeffrey,Fletcher,nfrank@example.org,3.55,South Toddview,2025-07-17
S0381,David,Flowers,davidprice@example.net,3.24,Port Megan,2024-10-24
S0382,Sabrina,Martinez,thomas09@example.net,2.28,Roseberg,2024-03-27
S0383,Victor,Wilson,philip14@example.net,3.64,Campbellland,2024-09-24
S0384,Evelyn,Warren,jhinton@example.org,3.19,Kellyview,2025-09-05
S0385,Kaitlyn,Aguirre,larry60@example.org,3.88,West Jacquelinechester,2024-06-01
S0386,Robert,Cooley,nbradford@example.com,2.22,West Marybury,2025-07-29
S0387,Joseph,Garcia,cward@example.net,2.55,Rayberg,2025-05-16
S0388,Evelyn,Jones,crystalcook@example.net,2.2,North Stephen,2024-12-03
S0389,Matthew,Walsh,martinezheather@example.org,2.48,Johnfort,2024-09-06
S0390,Jeffery,Johnston,michelledrake@example.org,3.15,Troyview,2025-10-27
S0391,Mark,Bray,sarahmitchell@example.org,2.5,New Anneport,2025-01-26
S0392,Lawrence,Soto,susan19@example.com,2.91,Parkstad,2024-03-28
S0393,Sarah,Lopez,iray@example.com,2.54,South Zachary,2025-07-12
S0394,Aaron,Edwards,joshua88@example.net,3.41,Hernandezhaven,2024-07-25
S0395,Kelly,White,dawnwarren@example.org,3.46,Bennettland,2024-12-15
S0396,Michael,Jones,whitesarah@example.net,2.92,East Melissaview,2025-10-12
S0397,Natasha,Romero,elizabeth74@example.com,2.56,West David,2025-10-14
S0398,Amanda,Morales,stephen78@example.com,3.26,Mollyfurt,2025-06-26
S0399,John,Padilla,shannon42@example.net,2.29,North Wendy,2025-06-28
S0400,Luke,Johnson,nicoleward@example.com,2.36,New Rachelmouth,2025-08-09
S0401,Amanda,Dodson,baldwinmarc@example.org,3.01,Amyborough,2025-05-19
S0402,Devin,Smith,susanbryant@example.net,2.83,Lake Marie,2024-10-04
S0403,Luke,Anderson,imorrison@example.com,2.07,Port Kathleenchester,2024-10-03
S0404,Joshua,Stewart,ugates@example.com,3.52,New Tammy,2025-11-07
S0405,Noah,Stewart,angelawhite@example.net,3.58,East Jillton,2024-08-17
S0406,Anne,Sanders,smitherin@example.com,2.25,Port Jennachester,2024-08-04
S0407,Melanie,Castro,brian07@example.com,2.26,South Todd,2024-11-21
S0408,Michael,Bell,carolmorales@example.com,2.09,West Melissaview,2025-10-31
S0409,Lisa,Cooper,dennisdavis@example.com,3.02,Port Laurie,2025-04-04
S0410,John,Jefferson,dylan02@example.org,2.94,New Chrisberg,2024-02-27
S0411,Jill,Taylor,colton26@example.com,2.86,Williamsview,2025-08-12
S0412,Melanie,Bullock,weaverbrandy@example.org,3.32,South Kenneth,2025-12-12
S0413,Karen,Cunningham,howardcarly@example.com,3.84,Josetown,2025-04-07
S0414,Dale,Watkins,smithrichard@example.net,2.6,Millerburgh,2025-08-01
S0415,Jacob,Garcia,zimmermanscott@example.net,2.78,North Ericshire,2025-03-28
S0416,Heather,Walker,dfleming@example.net,2.98,Youngfort,2025-06-23
S0417,Jacob,Mcdonald,grantamy@example.com,3.69,Jamesbury,2025-08-21
S0418,Jennifer,Stone,angelicawalker@example.com,2.73,Perkinsview,2025-10-03
S0419,Eric,Le,hhenson@example.org,3.34,South Zacharyland,2025-01-10
S0420,Larry,Gonzalez,palmerjoshua@example.com,3.1,West Michellefurt,2025-09-08
S0421,Walter,Butler,alex54@example.org,3.19,Alvarezbury,2025-12-14
S0422,Erin,Arnold,nataliejohnson@example.org,3.54,North Justinfort,2025-06-16
S0423,Sylvia,Gill,bjensen@example.com,3.44,Johnsonport,2025-06-30
S0424,Jennifer,Lopez,shafferarthur@example.net,3.56,New Brandiburgh,2025-07-22
S0425,Samuel,Johnson,emily44@example.com,2.5,Byrdmouth,2025-11-22
S0426,Jeremy,Stephens,pmiller@example.net,2.44,Gutierrezstad,2024-09-18
S0427,Michaela,Watson,martinjacqueline@example.org,2.36,Michellechester,2024-12-23
S0428,Diana,Lopez,norman70@example.com,2.59,Greenfort,2024-04-16
S0429,Victoria,Bird,christopherfoster@example.net,2.02,Trevorbury,2025-09-19
S0430,Hannah,Osborn,chavezdana@example.net,3.91,Port Alisha,2024-04-15
S0431,William,Campbell,usandoval@example.net,2.72,South Richardshire,2024-08-04
S0432,Kristina,Garza,erinclements@example.net,2.15,West David,2024-06-10
S0433,Michael,Santos,hwilson@example.com,3.73,Jacksonview,2025-03-15
S0434,Carolyn,Long,twilson@example.com,3.39,West Angela,2025-11-01
S0435,Arthur,Griffin,coxalice@example.net,3.03,East Samantha,2025-03-29
S0436,Sherri,Hopkins,johnbradley@example.com,2.9,Lake Anthony,2025-07-17
S0437,Francis,Choi,adam53@example.com,2.89,Allenside,2025-03-21
S0438,Nicholas,Owen,zmoore@example.org,2.03,West Michaelstad,2025-10-15
S0439,Erica,Mcdowell,jonesjoseph@example.org,2.82,Rodriguezfort,2025-01-20
S0440,Sydney,Sutton,cjames@example.org,2.08,South Gregorymouth,2025-01-08
S0441,Robert,Mack,sharris@example.org,2.16,Port Tyler,2024-05-08
S0442,Shannon,Simpson,natashaflores@example.com,2.86,Nicoleview,2025-11-18
S0443,Carol,Robinson,walter02@example.org,3.62,Evanburgh,2024-05-18
S0444,Katherine,Conway,qturner@example.net,2.25,Collierfort,2024-09-11
S0445,Rhonda,Dunn,patricia47@example.org,2.05,Ryanstad,2025-03-19
S0446,Kevin,Johnson,fford@example.com,3.59,Lisaville,2024-05-04
S0447,Tammy,Allen,angela62@example.net,2.83,Juarezborough,2025-10-20
S0448,David,Cooper,pnelson@example.com,2.12,East Richard,2024-12-03
S0449,Janet,Wright,andrewlee@example.com,2.65,North Wendy,2024-09-11
S0450,George,Lewis,kellygail@example.com,2.86,Lake Samantha,2024-02-19
S0451,Cody,Clarke,austinmartin@example.org,3.91,New Patriciachester,2025-08-15
S0452,Rachael,Drake,kristin33@example.com,3.32,Daniellehaven,2024-06-06
S0453,Jerry,Williams,tammyburnett@example.net,2.79,Lake Brianna,2024-03-23
S0454,Kathryn,Simpson,morganjames@example.net,2.92,East Charlesborough,2023-12-17
S0455,Alicia,Taylor,markmurphy@example.net,3.26,Robinport,2025-01-20
S0456,James,Murphy,zachary00@example.net,2.12,Johnstonside,2025-07-26
S0457,Jeremy,Robinson,gwoods@example.net,3.55,Staceyview,2024-02-01
S0458,Katrina,Padilla,hernandezrobert@example.com,2.03,Wilsonshire,2024-08-25
S0459,Bryan,Graves,jeffreywilliamson@example.org,3.33,Mcclainmouth,2025-05-24
S0460,Jamie,Phillips,peterwagner@example.org,2.69,North Ericaside,2024-04-21
S0461,Sheila,Taylor,pittsdonald@example.net,3.59,Jaredview,2025-01-03
S0462,Jennifer,Aguirre,schmittthomas@example.org,2.47,East Eduardo,2024-08-21
S0463,Charles,Gomez,brooksmark@example.net,2.51,East Stevenburgh,2025-06-26
S0464,Kurt,Johnson,pjohnson@example.net,3.93,New Scott,2025-01-17
S0465,David,Gonzalez,april46@example.com,2.82,New Codymouth,2024-12-05
S0466,Paul,Garcia,gsanchez@example.net,3.37,Port Ebony,2024-05-05
S0467,Carlos,Oneal,aporter@example.net,3.56,North Williamville,2025-12-04
S0468,Shelby,Day,mistycarter@example.org,2.79,East Shawn,2024-08-06
S0469,Wendy,Sandoval,jacquelinemiller@example.org,2.99,East Jennifer,2025-10-04
S0470,Bruce,Moreno,travis67@example.net,2.97,Lake Heatherburgh,2024-04-01
S0471,Jeffery,Wilson,hansenalyssa@example.net,3.91,East Danielfurt,2024-02-21
S0472,Mary,Keller,lisa51@example.com,3.7,Fryefort,2024-10-17
S0473,Aaron,Bullock,smithdylan@example.com,3.94,Port Andrewland,2025-09-03
S0474,Victoria,Flynn,johnny71@example.net,3.17,Wilsonchester,2024-09-05
S0475,Nicholas,Johnson,josephcoleman@example.net,2.61,East Calvintown,2023-12-29
S0476,Rebecca,Nelson,michael54@example.net,2.72,West Aaronbury,2024-02-06
S0477,Juan,Baxter,steven20@example.com,2.53,New Oscar,2024-08-01
S0478,Matthew,Cruz,jenniferjackson@example.org,2.11,South Amyhaven,2025-01-22
S0479,Danielle,Carroll,wendystanley@example.org,2.41,Haysside,2025-07-18
S0480,Mary,Richardson,bclark@example.com,3.92,Jenniferfort,2025-07-21
S0481,Joshua,Leonard,marciaross@example.net,3.78,South Heidi,2025-12-16
S0482,Melissa,Compton,smithdana@example.net,3.41,Griffithbury,2025-08-19
S0483,Anthony,Reeves,jillramirez@example.net,3.48,Priceberg,2025-11-02
S0484,Wendy,Thomas,jackhutchinson@example.org,2.87,North Brianshire,2025-06-21
S0485,Mark,Carter,simonjeffrey@example.com,2.93,North Curtishaven,2024-01-20
S0486,Matthew,Bennett,buchanankayla@example.org,2.68,West Michael,2024-08-29
S0487,Jerry,Walls,ysmith@example.com,3.99,Ryanfort,2024-03-30
S0488,Tammy,Mathews,martinbrandon@example.org,2.55,New Anna,2025-01-10
S0489,Brenda,Crawford,carterregina@example.com,2.85,Lake Nancyberg,2024-02-05
S0490,Kyle,Price,luismurphy@example.org,3.5,East Maryview,2025-07-29
S0491,David,Simmons,stephanievelasquez@example.org,3.29,North Aaronside,2024-11-24
S0492,Ian,Shea,pperez@example.net,3.54,South Benjaminshire,2025-09-10
S0493,Anthony,Ellis,carlosduncan@example.net,2.38,Cameronville,2024-06-24
S0494,Jeremiah,Phillips,davidsue@example.com,2.66,West Tiffany,2025-03-26
S0495,Amanda,Wolfe,bmosley@example.net,3.53,South Austinton,2024-03-13
S0496,Michele,Taylor,williamsoscar@example.org,2.72,West Michelleview,2025-10-20
S0497,Angela,Larson,melissa29@example.org,2.58,Rayport,2024-07-15
S0498,Lisa,Mullins,ryan22@example.com,3.19,Lake Maryborough,2024-10-12
S0499,Steven,Rodriguez,wbrown@example.net,2.64,South Colleen,2025-01-03
S0500,Savannah,Moon,joseph00@example.net,3.28,West Adamland,2025-02-23
S0501,Alisha,Williams,lisa19@example.net,2.39,Waltersport,2025-01-02
S0502,Valerie,Austin,royjoshua@example.net,3.7,Pughmouth,2024-03-13
S0503,Robert,Gray,jprice@example.org,2.51,Lake William,2025-05-29
S0504,Daniel,Frey,melissa84@example.net,3.2,Moniqueville,2024-08-23
S0505,James,Mitchell,staceyramos@example.org,2.29,East Karenton,2024-07-01
S0506,Louis,Carr,bradfordtraci@example.com,3.51,North Danielview,2025-03-02
S0507,Robin,Johnson,heather35@example.org,2.49,Benjaminchester,2024-08-04
S0508,Brenda,Lewis,fwebb@example.net,2.96,Lake Matthewberg,2025-11-20
S0509,Diane,Johnson,andreabruce@example.com,3.04,Port Colinton,2025-07-17
S0510,Kevin,Hernandez,mackenzierodriguez@example.net,3.44,Russellfort,2024-08-24
S0511,Donald,Bass,cbaldwin@example.com,2.25,Maryberg,2024-10-31
S0512,Andrew,Griffith,garciajacqueline@example.com,3.09,Port Lori,2025-11-19
S0513,Chad,Vasquez,jesse91@example.org,3.51,New Kaylaburgh,2024-08-01
S0514,Amanda,Jones,hickselizabeth@example.com,3.76,North Travis,2025-11-25
S0515,Brian,Cohen,zimmermanscott@example.org,2.14,North Jonathan,2025-02-11
S0516,Kelly,Morales,juan82@example.net,3.97,New Sandy,2025-04-05
S0517,Courtney,Thompson,susan87@example.net,2.98,West Kimberly,2025-03-14
S0518,John,Gross,rodriguezmargaret@example.com,3.83,New Stephanieborough,2024-10-24
S0519,Jason,Johnson,robert43@example.com,3.5,Burgessstad,2025-07-26
S0520,Mark,Mcbride,jeremy15@example.net,3.79,Fosterland,2025-04-24
S0521,Jesse,Davila,jasonwhite@example.com,2.96,Nicolechester,2024-03-31
S0522,Melissa,Rodriguez,hortondaniel@example.org,2.47,Horntown,2024-07-17
S0523,Matthew,Rivas,ubuchanan@example.net,3.49,Chenstad,2025-08-01
S0524,Ronald,Herrera,bautistaamy@example.com,3.51,Jonesstad,2025-11-16
S0525,Charles,Howard,qlindsey@example.net,2.62,Gonzalezbury,2025-05-26
S0526,Adriana,French,fyoung@example.com,2.15,Joelport,2025-06-06
S0527,Natasha,Jensen,donaldgarcia@example.net,2.35,South Alan,2025-10-02
S0528,William,Lucas,karl65@example.com,3.85,Sanchezfurt,2025-06-08
S0529,Deanna,Williams,katherine93@example.org,2.71,South Philliphaven,2025-02-07
S0530,Marc,Murphy,christopherlyons@example.org,2.72,Alexandriaport,2024-01-24
S0531,Lauren,Wang,naguirre@example.net,3.76,Frederickside,2024-07-10
S0532,David,Logan,qmyers@example.net,3.14,New Judy,2024-11-21
S0533,Barbara,Cruz,jennifer18@example.net,2.18,Lake Andrea,2025-07-28
S0534,Connie,Douglas,richardsonjoseph@example.net,3.41,Sharpmouth,2025-07-22
S0535,Lauren,Gonzalez,bmejia@example.com,2.6,West Cesarbury,2025-08-27
S0536,Tony,Carr,uburgess@example.com,2.54,Port Pamela,2025-04-19
S0537,Erin,Perez,fbecker@example.com,2.19,Lake Paul,2024-07-03
S0538,Johnny,Cooper,changkaitlyn@example.com,3.99,New Kathy,2025-08-31
S0539,Katherine,Gray,waltonnicholas@example.org,3.37,Kennethburgh,2025-10-09
S0540,Thomas,Cox,pmurphy@example.com,2.87,Matashire,2024-08-29
S0541,Jacqueline,Ross,danielmcgrath@example.org,3.02,South Susan,2024-12-23
S0542,Brandon,Hamilton,mccallerica@example.com,2.49,Thorntonview,2025-04-04
S0543,Anna,Mills,kimberly25@example.org,2.03,Jeffersonburgh,2025-11-05
S0544,Erin,Moore,emma10@example.com,3.04,Marciaberg,2024-02-27
S0545,Kim,Sullivan,ghunter@example.org,3.75,East Tiffanyhaven,2025-12-06
S0546,Joseph,Sutton,dawsondaniel@example.net,2.74,Villarrealstad,2024-11-17
S0547,Amanda,Williams,wrighttracy@example.com,3.78,North Jonathan,2024-06-23
S0548,Erik,Thompson,martinbrady@example.com,3.04,Hansenville,2025-06-18
S0549,Keith,Stevenson,bskinner@example.com,3.99,Port Nicholasfurt,2024-05-09
S0550,Curtis,Williams,rodriguezjames@example.com,3.63,Traceyview,2024-03-26
S0551,Gary,Garcia,alyssareid@example.org,3.79,Angelaborough,2024-10-07
S0552,Amber,Christian,hinesfred@example.com,2.16,Reyesport,2025-02-08
S0553,Colleen,Martin,cindy02@example.com,3.96,Port Jacobchester,2024-10-06
S0554,Courtney,Crawford,arnolderic@example.net,3.16,New Lesliestad,2024-05-17
S0555,Michelle,Garcia,scottgregory@example.net,3.26,Watsonhaven,2024-07-13
S0556,Leroy,Jackson,gregorycoleman@example.com,2.93,West Lisa,2024-04-21
S0557,Bailey,Dominguez,catherine33@example.org,2.04,East Annette,2024-03-26
S0558,Martin,Beard,mitchellduncan@example.org,3.64,Melvinchester,2024-04-05
S0559,Elizabeth,Cabrera,markcole@example.net,2.85,Reedmouth,2025-04-02
S0560,Erin,Hernandez,reyesemma@example.com,2.93,Port Taylorhaven,2024-07-18
S0561,Philip,Parrish,terrellrachael@example.com,2.18,Mariaton,2025-04-08
S0562,Jill,Soto,zowens@example.com,2.4,Elizabethmouth,2024-01-31
S0563,Sarah,Walton,gwolf@example.org,2.31,Nelsonland,2024-11-25
S0564,Michael,Hoffman,bzamora@example.com,2.25,Hartmantown,2025-08-10
S0565,Barbara,Soto,kathrynlamb@example.net,3.61,Tinaside,2024-07-06
S0566,Bryan,Graham,qbailey@example.org,3.25,Mariaview,2025-05-04
S0567,Michael,Woods,travis89@example.com,3.08,South Kaylastad,2024-07-01
S0568,Stephanie,Bennett,gordontracy@example.org,3.47,Port James,2025-03-02
S0569,Andrea,Farley,carterbruce@example.net,2.44,Stephenbury,2025-02-22
S0570,Alison,Marks,kerramber@example.com,2.3,Lake Jaystad,2025-11-03
S0571,Angela,Morris,barkerkathy@example.org,3.98,Brianfort,2024-08-11
S0572,Kimberly,Soto,matthew06@example.net,3.68,Lake Aliciahaven,2024-03-02
S0573,Gregory,Fisher,kglass@example.com,3.07,New Kelli,2025-08-27
S0574,Matthew,Martinez,danielmichael@example.net,3.31,South Jimberg,2025-06-05
S0575,Olivia,Martin,heatherhall@example.org,2.41,Karenside,2024-09-30
S0576,Michael,Burch,bushstacey@example.com,2.15,Lake Tiffanyborough,2024-01-03
S0577,Heather,Pham,kimberly55@example.com,2.86,New Danielle,2024-07-03
S0578,Julie,Estrada,crystaljimenez@example.com,3.74,Port Alexander,2024-01-28
S0579,Evan,Jones,jenniferluna@example.org,3.34,Russellburgh,2024-12-09
S0580,Michelle,Morrow,nicholasgonzalez@example.com,3.56,Melindafurt,2024-07-12
S0581,Tyler,Kim,cooperamanda@example.com,2.19,Dawnton,2024-12-03
S0582,Richard,Cordova,michael08@example.com,3.64,South Marvinland,2024-12-06
S0583,Susan,Holden,kylehernandez@example.net,2.59,Jonesland,2025-06-17
S0584,Robert,Hayes,leegonzalez@example.org,3.75,East Katherineton,2024-09-29
S0585,Shannon,Caldwell,daniel58@example.com,2.63,West Jacquelineborough,2025-01-02
S0586,Tiffany,Smith,elizabeth64@example.net,2.66,Nicholston,2024-08-12
S0587,Kevin,Medina,yanderson@example.com,2.8,Moniquemouth,2025-05-02
S0588,Theresa,Johnson,oliverchristopher@example.com,3.16,Austinton,2025-10-29
S0589,Andrew,Gentry,hardycharles@example.com,3.58,Jordantown,2024-08-13
S0590,Christopher,Brown,hensleymark@example.org,3.11,Katherinetown,2024-03-13
S0591,Laura,Gordon,janice70@example.org,2.61,Port Stevenshire,2025-03-05
S0592,John,Phillips,peter09@example.com,3.45,North Matthewview,2025-12-07
S0593,Kathy,Martin,rclark@example.com,3.96,Danielhaven,2024-02-14
S0594,Tammy,Potter,lcoleman@example.com,3.31,North Zacharyfurt,2024-08-08
S0595,Caitlyn,Ali,judyjackson@example.net,2.22,Turnerbury,2025-03-22
S0596,Frank,Thompson,ldavis@example.net,2.43,East Stephanieton,2025-01-13
S0597,David,Olson,jessica77@example.org,2.09,Lake Ronaldfurt,2025-09-08
S0598,Michael,Benitez,carolynlee@example.org,3.87,Kleinchester,2024-02-26
S0599,David,Gonzalez,connie42@example.org,3.86,Donaldstad,2025-03-02
S0600,Amber,Reed,drewmullen@example.org,2.49,Jackiemouth,2024-09-27
S0601,Todd,Manning,dominiquehawkins@example.net,3.8,Lydiaview,2025-01-21
S0602,Nathan,Jones,kjohnson@example.org,2.98,Derrickberg,2025-11-05
S0603,Priscilla,Hudson,jmorris@example.net,2.62,Elliottfort,2025-08-14
S0604,Nathan,Waters,rodney17@example.com,2.56,Craigmouth,2025-03-22
S0605,Victoria,Hall,henry45@example.org,2.65,Christophermouth,2025-02-24
S0606,Roger,Ellis,rosecastaneda@example.com,2.69,Port Leslie,2025-02-04
S0607,Felicia,Jones,charles64@example.com,2.5,Richardstad,2025-10-14
S0608,Stephen,Martin,ubruce@example.com,3.8,Port Natasha,2025-08-15
S0609,Carly,Graham,gracebutler@example.net,2.47,Greenville,2024-09-08
S0610,Heather,Contreras,sarah84@example.com,3.85,New Alicia,2025-06-01
S0611,Ashley,Rodriguez,karenwatson@example.net,3.43,Rodneyborough,2025-07-02
S0612,Derek,Harris,jefferyjohnson@example.com,3.95,North Tiffany,2025-06-01
S0613,Joseph,Simmons,reevesmark@example.net,2.8,Port Ashley,2025-07-12
S0614,Kim,Guerrero,jasonthomas@example.net,2.49,Harrisbury,2025-08-31
S0615,Natalie,Romero,tthomas@example.org,2.71,Rubenfort,2025-02-05
S0616,Whitney,Miller,johnathan71@example.net,3.4,West Madison,2024-06-07
S0617,Matthew,Frazier,katelynwalters@example.org,2.29,Griffinchester,2025-02-15
S0618,Justin,Coleman,jeffery59@example.com,3.81,East Robertton,2024-04-28
S0619,Diana,Thompson,hlivingston@example.net,3.73,South Amychester,2025-11-16
S0620,Jessica,Johnson,zmartin@example.org,2.87,Bowmanfort,2024-04-02
S0621,Kelli,Bush,bryan53@example.net,2.82,New Benjamin,2025-01-30
S0622,Robert,Lopez,sking@example.net,2.62,Port Danielview,2024-03-18
S0623,Matthew,Gutierrez,xdavis@example.net,3.63,Courtneyview,2024-06-09
S0624,Betty,Vaughn,andreasampson@example.net,3.98,Cunninghamland,2024-04-07
S0625,Morgan,Webb,woodardpatricia@example.com,3.29,West Williambury,2025-09-22
S0626,Dylan,Russell,dknight@example.net,3.64,Jonesside,2024-08-01
S0627,Alexis,Logan,sharon34@example.net,3.79,Michaelport,2024-05-01
S0628,Alice,Perez,ialexander@example.org,2.36,Garyhaven,2024-07-10
S0629,David,Arnold,thomasjessica@example.net,2.85,South Kristenborough,2024-03-23
S0630,Bruce,Stokes,jeremy05@example.com,3.78,East Gabrieltown,2025-05-25
S0631,Joann,Marks,ryanwu@example.org,3.85,Greenton,2025-09-28
S0632,Daniel,Lee,sheryl55@example.net,3.28,Bakerburgh,2025-06-10
S0633,Peter,Rowe,floresandrea@example.net,2.66,Dianaland,2024-01-25
S0634,Matthew,Dominguez,nicolecobb@example.com,2.86,Port Toddborough,2025-11-10
S0635,Marc,Avila,njames@example.com,3.58,Lake Brandon,2025-02-10
S0636,Christina,Sherman,zknight@example.com,3.85,Pamelahaven,2024-07-07
S0637,Amber,Orr,woodangelica@example.net,3.48,Carterview,2024-09-12
S0638,Kaitlyn,Jones,zjones@example.org,2.67,Harrisburgh,2024-05-03
S0639,Kimberly,Harrison,joshua85@example.org,3.4,Jacquelineberg,2024-08-23
S0640,Mary,Rodriguez,patrickcampbell@example.org,3.85,Webbbury,2024-12-29
S0641,Katherine,Decker,hstewart@example.com,3.66,South William,2025-10-21
S0642,Manuel,Smith,chadcervantes@example.org,2.83,Johnsonshire,2024-02-23
S0643,Robert,Phillips,amanda45@example.org,3.02,West Tracieborough,2024-04-10
S0644,Matthew,Dalton,austin99@example.net,2.32,Bushport,2024-06-02
S0645,Stephen,Mills,kellywhitney@example.org,3.03,Christianshire,2023-12-27
S0646,Aaron,Long,xadams@example.com,2.31,Maryton,2024-11-02
S0647,Robert,Goodwin,justin18@example.org,3.74,Boyerchester,2025-07-31
S0648,Eric,Decker,matthewsalison@example.net,3.05,West Wesleymouth,2024-04-14
S0649,James,Woods,emartin@example.com,3.66,South Janetfurt,2025-11-19
S0650,Stephen,Roberson,jamesnoble@example.net,2.84,Port Roystad,2024-05-08
S0651,Joshua,Taylor,jacobharding@example.net,3.37,East Jasonton,2025-09-10
S0652,Carolyn,Kane,ashley99@example.net,3.78,New Kathleenland,2024-04-17
S0653,Kelly,Singleton,rachel28@example.net,2.64,Cabreratown,2024-11-02
S0654,Stephen,Roberson,gentryjoshua@example.net,3.54,North Sharonville,2024-04-12
S0655,Kenneth,Robles,kathryn63@example.net,2.46,Port Tonya,2025-07-24
S0656,Eric,Smith,nicholas50@example.net,2.97,North Melissaton,2025-02-22
S0657,Levi,Diaz,ashley07@example.org,3.08,Lake Pamela,2025-06-30
S0658,Alison,Todd,reynoldstaylor@example.com,2.44,West Misty,2024-09-13
S0659,Angela,Mcgrath,jgoodman@example.com,2.02,Johnsonland,2024-03-18
S0660,Danny,Smith,brendanwhite@example.net,2.76,New Travis,2024-01-29
S0661,Melissa,Holmes,gregory99@example.com,2.38,West Aaronburgh,2025-05-08
S0662,Patrick,Richardson,miranda51@example.net,2.54,West Michaelmouth,2025-09-23
S0663,Melissa,Collier,jlee@example.org,3.8,Lake Stephanieview,2024-12-24
S0664,Jason,Lester,whiterussell@example.net,3.57,Caseyshire,2025-11-13
S0665,Cassie,Benjamin,esparzabrian@example.org,2.67,East Roberttown,2024-06-07
S0666,Michael,Jackson,eallen@example.org,2.78,Vanessachester,2025-03-13
S0667,Debra,Edwards,byrdpatty@example.com,2.5,North Brianstad,2024-08-31
S0668,Richard,Adams,lambadrian@example.com,2.17,South Robertbury,2024-11-15
S0669,Thomas,Barron,heather16@example.net,3.01,Port Jasontown,2025-02-07
S0670,Paul,Ellis,elizabethestes@example.org,2.6,Marychester,2024-05-04
S0671,Wendy,Williams,taylorkaren@example.org,2.96,Port Abigail,2024-04-20
S0672,Julie,Mcgee,clarkluis@example.org,2.07,Anthonystad,2024-01-19
S0673,Justin,King,andreasherman@example.net,3.02,Kevinfort,2024-06-20
S0674,Barbara,Hebert,chelseanelson@example.net,3.17,South Denise,2024-05-03
S0675,Patricia,Santana,boonejohn@example.org,3.16,Theresaburgh,2025-10-24
S0676,Trevor,Byrd,jessica66@example.org,2.92,New Charleston,2025-04-27
S0677,Tyler,Franklin,brucebennett@example.org,2.04,Wrightton,2025-09-12
S0678,Judy,Paul,bradleyjohn@example.com,3.35,South Sean,2024-02-06
S0679,Julie,Brown,moorelori@example.org,3.22,Sullivanfurt,2024-03-25
S0680,Travis,Carney,rebecca13@example.org,3.93,Hannahhaven,2025-02-05
S0681,Ariana,Mann,pbryan@example.org,3.6,North Jenniferport,2025-01-21
S0682,Debbie,Guzman,jjohnson@example.org,3.72,South Bonniemouth,2024-06-11
S0683,Kevin,Caldwell,rgreen@example.com,2.58,Ericfurt,2024-10-13
S0684,Amanda,Long,carolyn98@example.net,2.11,North Andreabury,2024-04-20
S0685,Edwin,Vasquez,carl82@example.net,2.8,West Phyllisfurt,2024-12-11
S0686,David,Reed,antonioalexander@example.net,2.46,Jeanland,2025-07-20
S0687,Maria,Fuller,carterjacob@example.com,3.29,Lake Leahburgh,2024-03-27
S0688,Deanna,Rodriguez,andrewmckinney@example.com,3.4,Lake Shannonfurt,2024-01-11
S0689,Scott,Sherman,barnescatherine@example.net,2.85,South Jameston,2024-08-18
S0690,Lisa,Anderson,albertsteele@example.net,3.22,Mccallland,2025-11-17
S0691,Desiree,Kelly,karencoleman@example.org,3.83,Harrishaven,2024-02-16
S0692,Terrence,Carter,kathrynjones@example.org,2.9,Morrisberg,2025-07-26
S0693,Edward,Rodriguez,joshua00@example.net,3.64,Mccoyland,2025-10-28
S0694,Sherry,Byrd,debbiegonzalez@example.net,3.77,South Kelliberg,2024-01-15
S0695,Geoffrey,Berg,lroberts@example.net,3.95,Lucastown,2025-08-23
S0696,Allison,Powers,courtneymitchell@example.net,2.68,Lake Brian,2024-04-05
S0697,Donald,Johnson,jimenezvictor@example.net,2.7,Jessicamouth,2024-05-15
S0698,Joe,Taylor,lsellers@example.net,2.68,New Bryanmouth,2025-08-18
S0699,Christopher,Meza,brandon92@example.net,3.54,North Christy,2025-06-25
S0700,Vicki,Evans,kimberlycarter@example.org,3.52,Halemouth,2024-06-15
S0701,Erika,Larsen,cookmary@example.com,2.11,North Alexander,2024-08-24
S0702,Roy,Bishop,williamliu@example.org,3.89,North Dannymouth,2025-09-18
S0703,Jason,Nichols,vicki92@example.com,3.42,Port Daniel,2024-07-03
S0704,Kimberly,King,amy28@example.net,3.0,New Ethan,2024-09-10
S0705,Alec,Garcia,debbie82@example.org,2.26,South Colleenberg,2024-06-26
S0706,Gina,Nunez,jason39@example.net,2.07,Chamberschester,2024-09-29
S0707,Christian,Romero,curtis83@example.com,2.31,Quinntown,2025-10-31
S0708,Alex,Strong,cheryl10@example.com,3.09,Pamelashire,2025-12-03
S0709,Connie,Martin,wturner@example.com,3.01,Jeanneshire,2025-05-11
S0710,Anthony,Jones,shane65@example.net,3.46,New Alyssa,2024-07-26
S0711,Kimberly,Dunn,douglas97@example.org,3.63,Lake Brianfort,2025-02-08
S0712,Matthew,Sellers,nathaniel74@example.net,3.41,South Amyside,2024-04-09
S0713,Amanda,Cain,charlesvargas@example.org,3.05,Lake Melanieburgh,2025-06-27
S0714,Jennifer,Marshall,jessica31@example.com,2.53,Lake Mitchell,2024-10-03
S0715,Kathy,Owen,phamvictor@example.org,2.02,North John,2025-05-23
S0716,Victoria,Henry,qpoole@example.net,2.11,Bakerberg,2024-02-02
S0717,Christopher,Dalton,cruzlucas@example.com,3.68,Millerborough,2025-08-05
S0718,Richard,Mendez,laurawest@example.org,3.39,New Alexandra,2024-10-02
S0719,Rose,Fernandez,hhall@example.com,3.33,New Renee,2025-04-27
S0720,Gerald,Evans,jenniferwood@example.org,3.87,New Wayne,2025-12-12
S0721,Glenn,Holt,derekmiranda@example.org,2.84,South Brittanyton,2024-01-28
S0722,Cassandra,Lee,johnmcneil@example.com,2.82,Davidport,2025-02-02
S0723,Victoria,Rios,pamelahess@example.com,3.01,East Christopherborough,2025-03-30
S0724,Roger,Miller,laura48@example.com,2.05,West Charles,2024-09-27
S0725,Stacie,Romero,adamkennedy@example.net,2.25,Weaverton,2025-01-24
S0726,Ashley,Cain,shawnwilliams@example.org,2.81,Lake Michael,2024-08-17
S0727,Stephen,Williams,gflores@example.net,3.14,North Michaelstad,2024-01-05
S0728,Jessica,Lynch,rojasian@example.net,2.4,Deborahview,2024-07-12
S0729,Robert,Bates,bthompson@example.org,3.39,Port Monicaberg,2025-11-26
S0730,Rachel,Martin,wagnershane@example.com,3.21,New Edwardburgh,2024-07-31
S0731,Victoria,Simmons,pcarlson@example.org,3.82,Lake Reginaburgh,2024-06-16
S0732,John,Smith,yhenderson@example.com,2.7,Tarahaven,2024-12-19
S0733,Amy,Anderson,darias@example.net,2.12,North Mary,2024-03-02
S0734,Daniel,Ray,patrick74@example.org,3.34,South Douglasview,2024-01-17
S0735,Luke,Lawrence,charles13@example.net,3.49,South Josephhaven,2025-05-26
S0736,Monica,Walker,conleydalton@example.com,3.12,Joshuahaven,2024-02-27
S0737,Mary,Brock,browntamara@example.net,3.35,Dwayneburgh,2024-08-19
S0738,Brandi,Reilly,colleen72@example.com,3.53,Lake Randall,2024-05-26
S0739,Cheryl,Aguilar,dhernandez@example.net,2.67,West Karenhaven,2025-05-07
S0740,Michael,Daniel,william52@example.org,3.14,New Stacy,2025-03-28
S0741,Christopher,Smith,smithtony@example.com,2.51,North Richard,2024-07-14
S0742,Connie,Kirby,robinsmith@example.net,3.59,South Henry,2024-05-30
S0743,Tamara,Villegas,ozuniga@example.org,3.08,West Gabrielleshire,2025-04-19
S0744,Tiffany,Rodriguez,aholloway@example.org,3.15,Jonesmouth,2025-02-03
S0745,Michael,Williams,ktucker@example.com,3.39,Port Christianville,2024-04-28
S0746,Mark,Cook,michaelwilkinson@example.net,2.22,North Andrew,2025-02-11
S0747,Gregory,Kelly,qmiddleton@example.net,2.98,Jenniferville,2024-11-12
S0748,Kristopher,Macias,jjones@example.org,2.04,Woodsville,2024-02-25
S0749,Michael,Hodge,bmorris@example.net,3.85,West Morganbury,2024-01-19
S0750,Mary,Phillips,rogerjones@example.net,3.56,Port Makayla,2024-02-18
S0751,Adrian,Smith,rowlandchristopher@example.com,3.98,Lake Ronald,2025-02-06
S0752,Timothy,Padilla,claudiacurtis@example.net,2.91,Ruizport,2025-06-14
S0753,Robert,Reed,ivanlawrence@example.net,2.38,Connorland,2024-09-21
S0754,Jim,Gilbert,harriscurtis@example.org,3.01,West Erinton,2024-04-24
S0755,Melissa,James,wardkathy@example.net,3.13,East Angelaview,2025-12-01
S0756,Courtney,Harrison,michaelmartin@example.com,3.38,North Jacobfort,2025-07-22
S0757,Russell,Mcpherson,tyler30@example.com,2.09,New Amandaton,2024-04-14
S0758,Richard,Martin,stephanieabbott@example.net,2.95,Johnland,2024-12-01
S0759,Gary,Rice,michaeljennifer@example.org,3.37,Xaviermouth,2025-03-13
S0760,Jessica,Thomas,awilliams@example.com,3.2,Robertchester,2025-03-30
S0761,Krista,Macdonald,alexandra79@example.org,2.99,West Pamela,2025-11-08
S0762,Ronald,Walker,blackvanessa@example.net,3.84,New Jasonfurt,2024-07-30
S0763,Sharon,Weber,bryanmatthew@example.org,3.81,Bellland,2025-07-12
S0764,Anthony,Johnson,connerangela@example.com,2.14,West Erinland,2025-10-25
S0765,Leah,Vance,smithjoshua@example.net,2.02,West Gregoryside,2024-05-26
S0766,Denise,Cervantes,paulhenderson@example.net,2.71,Leblancton,2025-06-01
S0767,Eileen,Espinoza,blairzachary@example.org,2.17,Murrayfort,2024-12-31
S0768,Robert,Gonzalez,jacqueline96@example.net,3.26,North Brittanyberg,2025-12-03
S0769,Kelly,Thompson,greenrobert@example.org,2.19,Port Meredith,2023-12-17
S0770,Charles,Bryant,fdunn@example.org,2.58,Howardhaven,2025-12-14
S0771,Joseph,Garcia,rodriguezbrenda@example.com,3.43,North Tara,2024-03-09
S0772,Maxwell,Martinez,xanderson@example.org,2.32,New Wesleyfurt,2025-01-04
S0773,Susan,Griffith,wdonovan@example.org,3.06,Lake Mary,2025-04-25
S0774,Mary,Gutierrez,jeffrey72@example.net,2.1,South Teresa,2025-11-06
S0775,Linda,Williams,lhiggins@example.org,2.91,Bowmanstad,2024-06-17
S0776,Timothy,Baker,briannaburch@example.net,3.92,New Wendyborough,2025-04-04
S0777,Rebecca,Yu,michellesmith@example.net,2.78,Lake Thomas,2025-10-21
S0778,Hayley,Malone,bmorris@example.org,3.09,Juarezside,2024-06-14
S0779,Elizabeth,Hubbard,mark22@example.net,2.72,Lake Louisborough,2024-06-26
S0780,Erika,Riley,david44@example.org,2.27,Port Jacqueline,2025-05-21
S0781,Jessica,Gordon,graydaniel@example.org,3.82,Jackfurt,2024-10-02
S0782,Kathy,Morales,rsmith@example.com,2.57,West David,2025-02-28
S0783,Jose,Shaw,christian35@example.com,3.28,Glennton,2025-10-31
S0784,Whitney,Anderson,christina83@example.com,2.87,East Ronaldview,2023-12-27
S0785,Donald,Taylor,perezmichael@example.com,3.53,East Matthewchester,2025-05-31
S0786,Shane,Tran,shelbysalinas@example.com,3.08,Port Jodi,2025-03-06
S0787,Mary,Brewer,karen20@example.net,3.59,New Lisa,2024-05-02
S0788,Jennifer,Herrera,matthewwhite@example.net,3.64,Baileyhaven,2025-02-08
S0789,Rachel,Carter,lorrainerobinson@example.com,3.75,Davischester,2024-12-20
S0790,Joanna,Kirk,phelpsmark@example.net,3.32,Morristown,2024-08-31
S0791,April,Wilson,haneycorey@example.com,3.96,Bankstown,2025-09-02
S0792,Steven,Cole,ortegajeffrey@example.com,2.43,New Erica,2025-02-19
S0793,Catherine,Allen,pwilliams@example.org,3.73,Pamelachester,2025-03-03
S0794,Stephanie,Peterson,qbrooks@example.com,2.48,New Laurenfort,2025-07-20
S0795,Olivia,Pearson,alyssa65@example.org,3.76,Brendaville,2025-12-02
S0796,Laurie,Keith,brandon05@example.com,3.05,South David,2025-10-09
S0797,Leah,Singleton,kward@example.com,3.87,Jeremyborough,2024-06-30
S0798,Taylor,Cervantes,gregoryroberson@example.net,3.57,New Teresamouth,2025-07-05
S0799,Daniel,Dawson,rvasquez@example.net,3.79,Parrishton,2024-12-31
S0800,Alicia,Dunn,richard44@example.org,2.32,East Chasehaven,2025-02-19
S0801,Kevin,Krueger,etrujillo@example.net,3.77,East Stacy,2024-08-31
S0802,Evan,Wallace,regina41@example.com,2.19,Robertberg,2025-09-30
S0803,Cynthia,Campos,herrerarobin@example.com,3.15,Lake Joyhaven,2025-05-30
S0804,Mark,Delgado,xvalencia@example.net,3.92,Youngfurt,2025-10-03
S0805,Kristin,Larson,cthomas@example.org,2.61,Daniellestad,2024-04-07
S0806,Alejandra,Baker,dawnadams@example.com,3.65,Shirleymouth,2025-04-26
S0807,Marissa,Glenn,rodneyrhodes@example.org,3.74,Powersport,2024-07-28
S0808,Natalie,Maldonado,fwalters@example.org,2.27,Port Erika,2024-09-11
S0809,Latoya,Olson,angie92@example.com,3.34,Jenniferchester,2025-08-27
S0810,Bryan,Petersen,michaelwilson@example.net,2.67,South Erik,2025-12-15
S0811,Alison,Moreno,robert51@example.net,2.61,Kathyside,2024-01-11
S0812,Michael,Holmes,dorothy96@example.org,2.87,Mariahton,2024-06-24
S0813,Maurice,Gay,randy54@example.com,2.45,Port Philip,2025-01-07
S0814,Roger,Mccoy,mirandafrancis@example.com,3.44,Lake Michael,2024-05-01
S0815,Daniel,Wagner,michaelchavez@example.org,3.93,Port Sharontown,2025-08-23
S0816,Brooke,Santos,bryantkenneth@example.org,3.75,Shawnfort,2025-04-17
S0817,Alvin,Woodward,selenasmith@example.org,3.44,North Jessicaburgh,2025-07-13
S0818,Nathan,Castillo,tbarnett@example.org,3.84,New Sierra,2025-03-16
S0819,Ronald,Carter,browncrystal@example.net,3.71,Portermouth,2024-06-16
S0820,Matthew,Long,bradleyrichards@example.net,3.21,East Joan,2025-11-18
S0821,David,Ramos,deanvincent@example.org,2.4,Gonzalesport,2025-08-17
S0822,Amanda,Richardson,bthompson@example.com,3.67,Krystalberg,2025-05-11
S0823,Louis,Morton,pcross@example.net,3.91,Roseside,2025-07-10
S0824,Kimberly,Cain,fjones@example.com,2.02,Kimberlyhaven,2025-12-03
S0825,Jacob,Jacobson,deckerrandy@example.net,3.8,Robinsonmouth,2023-12-18
S0826,Justin,Mack,randyhayes@example.org,3.71,Mccoyhaven,2025-03-20
S0827,Eugene,Harris,kathy57@example.net,3.49,Port Jody,2024-03-26
S0828,Kevin,Brown,alexanderwilliams@example.com,3.69,West Joelfurt,2025-09-03
S0829,Andrew,Carpenter,ricardo08@example.org,3.82,Port Jillian,2024-07-01
S0830,Lisa,Lopez,robert64@example.org,3.23,South Ryan,2024-09-17
S0831,Leslie,Coleman,tle@example.net,2.54,South Damon,2024-02-23
S0832,Casey,Diaz,emily74@example.net,3.24,New Brian,2024-07-16
S0833,Sandra,Cox,justinmcdaniel@example.org,3.18,North Christineshire,2024-11-25
S0834,Carlos,Evans,brandilane@example.org,2.63,Kellychester,2023-12-19
S0835,Michelle,Dominguez,christopher65@example.org,2.82,Craighaven,2024-03-19
S0836,Steven,Long,martinphilip@example.org,3.33,Smithshire,2025-05-26
S0837,Bryan,Barrett,bmcneil@example.com,2.86,New Samanthashire,2024-01-19
S0838,David,Liu,ashleyballard@example.org,3.83,New Sarahmouth,2025-08-30
S0839,Joseph,Hoffman,frivers@example.org,2.4,North Katiefurt,2025-10-24
S0840,Michael,Reynolds,perezjohn@example.com,3.08,Lake Ashleychester,2025-06-30
S0841,Katie,Allen,ethomas@example.org,2.66,Timothyton,2024-02-14
S0842,Jacqueline,Stewart,mary04@example.com,2.55,Bowmanshire,2025-02-23
S0843,Stephanie,Lee,susangonzalez@example.org,3.83,Byrdhaven,2024-03-22
S0844,Renee,Taylor,sarahlynn@example.net,2.12,Munozfort,2025-11-13
S0845,Rebecca,Oliver,aliciafarrell@example.com,2.3,Lake Jennifer,2025-10-07
S0846,Jacob,Galvan,xcarter@example.org,2.83,Seanville,2025-05-07
S0847,Michelle,Wagner,anthony77@example.com,2.65,Scottport,2025-02-16
S0848,Randy,Carlson,myerslisa@example.net,2.27,West Shannonhaven,2025-03-01
S0849,Teresa,Jones,scott31@example.org,2.34,West Stevenhaven,2024-02-10
S0850,Matthew,Vazquez,candice15@example.net,2.02,Ortizport,2025-10-04
S0851,James,Marshall,phall@example.com,3.14,Lake Amandabury,2025-02-16
S0852,Dawn,Mays,carlacrane@example.net,2.64,Taylorshire,2025-03-17
S0853,Patrick,Ortega,sanchezzachary@example.com,3.06,Georgefort,2024-04-01
S0854,Todd,Lewis,qhoover@example.net,2.91,Nelsonfort,2025-05-09
S0855,Elizabeth,Mullins,huangkelly@example.com,3.97,Karaville,2025-01-16
S0856,Jonathan,Caldwell,anne26@example.com,3.65,Morganport,2024-10-07
S0857,Timothy,Fuentes,mking@example.net,2.07,Port Stevenstad,2025-09-21
S0858,Kathryn,Newton,lramirez@example.com,2.87,Jameschester,2024-06-09
S0859,Ryan,Peterson,hjenkins@example.org,3.87,Sparksbury,2024-02-18
S0860,Karen,Bryant,christopher43@example.com,3.07,Mahoneyhaven,2025-05-06
S0861,Paul,King,brian15@example.org,2.84,Davisland,2025-06-01
S0862,Bruce,Avila,stevenschneider@example.org,2.73,South Michaelstad,2025-10-01
S0863,Melanie,Huang,ctucker@example.org,2.23,New Alexanderborough,2024-07-05
S0864,Vanessa,Mcpherson,smedina@example.org,2.12,Lindabury,2025-04-07
S0865,Jennifer,Scott,silvanicole@example.com,3.58,West Aaron,2025-06-13
S0866,Gina,Burton,joanna38@example.org,2.5,Deborahport,2025-05-10
S0867,Michelle,James,stuartsarah@example.net,3.35,Hollymouth,2025-09-02
S0868,Gary,Patterson,bhernandez@example.com,3.68,North Jenniferborough,2025-09-25
S0869,Paul,Holmes,carlawarren@example.org,3.09,Lauriemouth,2024-10-07
S0870,Samantha,Powell,cgutierrez@example.net,2.04,Lake Mikayla,2024-09-21
S0871,Tamara,Brown,harrisonjeffrey@example.com,2.2,Lake Karentown,2025-11-21
S0872,Linda,Mccarthy,francisjoanne@example.com,2.57,Brownstad,2024-01-01
S0873,Stephanie,Yang,susan35@example.com,2.42,Kathleenton,2024-10-05
S0874,Matthew,Brown,ichavez@example.com,2.88,Mcclureview,2024-11-30
S0875,Randy,Chandler,herbert43@example.net,2.73,Port Tracyland,2025-08-27
S0876,Cody,Jackson,sherrynorris@example.org,3.25,Samueltown,2024-11-03
S0877,Johnny,Evans,rogerstimothy@example.org,2.08,North Michael,2024-03-26
S0878,Michael,Mccarty,michael59@example.com,3.73,Annaview,2025-01-12
S0879,Kristen,Owens,staceycallahan@example.net,3.04,West Christopher,2024-06-27
S0880,David,Brown,jeremiahwade@example.net,3.78,West Donaldstad,2025-04-15
S0881,Tiffany,Armstrong,nhardin@example.net,2.09,Lisastad,2024-04-30
S0882,Ethan,Adams,vguerra@example.org,2.95,Johnchester,2024-09-17
S0883,Daniel,Ford,gabriellelarson@example.org,3.81,West Andrewview,2024-04-25
S0884,Ashley,Reed,zpatterson@example.net,3.83,Ferrellfort,2025-11-30
S0885,Shirley,Stephens,staffordpamela@example.com,2.49,Lynntown,2024-08-30
S0886,Hannah,Austin,anthony67@example.net,2.84,South Emilyshire,2024-01-12
S0887,Tiffany,Gates,thomas32@example.com,3.71,Matthewsside,2025-12-13
S0888,Monica,Davis,meredith75@example.net,3.34,Waltonmouth,2024-09-19
S0889,Tyler,Meyer,susan64@example.com,3.59,Davidberg,2025-12-03
S0890,Robin,Levine,garzabobby@example.com,3.41,Charlesborough,2024-03-25
S0891,Andrew,Porter,isabellarocha@example.com,3.69,South Tammieview,2024-09-04
S0892,Courtney,Phillips,jensenhoward@example.org,3.91,North Dawnmouth,2025-10-16
S0893,Nicholas,Alvarez,jamesflynn@example.com,2.29,Heidibury,2024-03-08
S0894,Sarah,Bridges,zwalker@example.net,2.26,Dawsonmouth,2025-04-12
S0895,Lauren,Barnett,loridalton@example.com,3.81,Petersport,2024-02-08
S0896,Corey,Smith,hannahjohnson@example.com,3.68,Guerreroville,2025-05-07
S0897,Amanda,Murillo,jeffrey99@example.org,3.72,Jaclynfort,2025-10-19
S0898,Steven,Jenkins,sharonrose@example.org,2.83,Lake Cheryl,2025-04-10
S0899,David,Mathis,fwebb@example.net,2.82,East Monica,2024-11-03
S0900,Kimberly,Murphy,joelzamora@example.net,2.62,Peterborough,2024-10-07
S0901,James,Andrews,powelleric@example.org,3.46,East Alexis,2025-03-16
S0902,Jeremy,Banks,brooksangela@example.com,3.82,Angelaport,2025-07-16
S0903,Eric,Price,zmorgan@example.net,3.03,West Jeffreyport,2025-04-01
S0904,Zachary,Becker,mlyons@example.net,2.28,West Joyce,2024-12-29
S0905,Rhonda,Rogers,kirbyjohn@example.net,2.85,Carlyhaven,2025-09-24
S0906,Mark,Jefferson,jennifer50@example.org,3.2,Brandonchester,2025-03-31
S0907,Nicholas,Holland,cody55@example.com,2.55,Port Markmouth,2024-04-29
S0908,Heather,Garner,rflores@example.com,3.49,Keithhaven,2024-06-16
S0909,Erik,Bell,brianpatterson@example.com,2.62,North Aliciaburgh,2025-08-20
S0910,Mitchell,Hodges,qhays@example.net,3.31,Mendezton,2023-12-22
S0911,Phillip,Sawyer,ijacobs@example.org,2.71,Mckenzieview,2025-10-13
S0912,Micheal,Meyer,maddenalbert@example.com,3.07,New Melanieton,2024-01-31
S0913,Christopher,Carter,juliamitchell@example.org,2.08,Brianview,2025-02-19
S0914,Lisa,Moore,griffinrebecca@example.net,2.98,Gregoryton,2025-11-16
S0915,Barbara,Johnson,autumnholland@example.org,3.92,Jeffreyhaven,2025-10-21
S0916,Teresa,Smith,wallerjeff@example.org,3.22,Jenkinsmouth,2025-11-03
S0917,Pamela,Preston,ronald11@example.org,2.41,Reidstad,2024-07-05
S0918,Alison,Sweeney,ovance@example.org,3.57,South Andrewhaven,2025-03-29
S0919,Monique,Jones,georgemoore@example.com,3.05,Lake Amandamouth,2024-07-28
S0920,Jennifer,Ingram,hollybaker@example.com,2.07,South Daniel,2024-12-06
S0921,Robert,Gross,vgrimes@example.org,2.69,North Lindamouth,2025-03-12
S0922,Robert,Murphy,williamschristopher@example.net,3.64,Lake Corey,2025-07-14
S0923,Karen,Underwood,rodriguezmary@example.net,2.01,North Laura,2025-07-13
S0924,Joseph,Allen,perezjoseph@example.com,2.71,West Richard,2024-06-27
S0925,Stephen,Scott,olutz@example.com,2.17,East Charles,2024-10-20
S0926,Natalie,Holt,brandi08@example.com,3.57,Hillmouth,2024-11-18
S0927,Lynn,Wang,seanrobinson@example.com,2.81,Lake Kathryn,2024-10-31
S0928,Joshua,Davis,benjaminenglish@example.com,3.45,Sarahburgh,2025-12-11
S0929,Eric,Hawkins,rebecca98@example.net,3.31,West John,2024-06-27
S0930,Jason,Clements,xbailey@example.com,2.97,North Allenstad,2024-10-26
S0931,Timothy,Rhodes,johnsonjudith@example.com,2.34,East Travismouth,2025-12-05
S0932,Jessica,Smith,lauradeleon@example.com,2.7,Ashleyland,2024-06-21
S0933,Diane,Tyler,callahanallison@example.net,3.82,South Danielle,2024-08-04
S0934,George,Ward,bmiranda@example.com,3.98,Lake Davidstad,2024-05-19
S0935,Eric,Arnold,alicia14@example.org,4.0,Matthewchester,2024-01-11
S0936,Katie,Sanders,ramosvicki@example.com,2.11,Garzatown,2024-10-06
S0937,Tristan,Ball,jballard@example.net,2.64,Port Michaelview,2024-06-25
S0938,Nathaniel,Weeks,melissaalvarado@example.com,3.42,East Jeffrey,2025-11-18
S0939,Amber,Neal,zhoward@example.com,2.48,West Peterville,2024-07-16
S0940,Nicholas,Perez,sharonhanson@example.com,3.69,Thompsonmouth,2024-02-17
S0941,Rachel,Leon,thomasmichael@example.net,3.89,Williamville,2024-10-04
S0942,Julia,Palmer,acopeland@example.com,2.07,Brianstad,2024-01-14
S0943,Johnny,Gonzalez,cynthia26@example.org,3.43,Ballshire,2025-11-19
S0944,Thomas,Sanders,oolson@example.org,3.06,West Tracyberg,2025-05-12
S0945,Andrea,Osborne,amykennedy@example.com,2.97,North Robert,2024-06-25
S0946,Rachel,Arnold,moralesjose@example.net,2.83,Stewartstad,2025-01-31
S0947,Gabriela,York,swalker@example.org,3.4,South Matthewmouth,2024-02-14
S0948,Rachel,Fletcher,victoria81@example.net,2.02,East Abigailland,2024-08-16
S0949,Jason,Weber,garciaroberta@example.org,2.29,Bartonstad,2025-09-28
S0950,Johnny,Torres,wallalexander@example.org,3.53,New Melissa,2024-02-11
S0951,Holly,Guzman,tanya76@example.org,3.13,Simmonsfort,2024-12-06
S0952,Martin,Henson,ortizdaniel@example.org,3.76,Johnsonchester,2025-02-18
S0953,Christina,Carpenter,santanaedward@example.com,3.69,North Earlmouth,2025-04-14
S0954,Oscar,Collins,keith27@example.com,3.8,West Nathan,2024-09-14
S0955,Kenneth,Hobbs,ngreen@example.net,2.3,East Zacharyhaven,2025-10-28
S0956,Nicole,Sullivan,wellsangelica@example.net,2.78,North Clairechester,2025-07-05
S0957,Matthew,Chapman,callen@example.org,2.43,Lowechester,2025-09-09
S0958,Tasha,Velazquez,oross@example.net,3.16,East Albertland,2025-07-14
S0959,Thomas,Smith,juanthomas@example.org,3.56,Briantown,2024-05-07
S0960,Marissa,Martin,lekatherine@example.com,3.97,West Ericland,2024-03-20
S0961,Molly,Hickman,lwilson@example.org,2.48,Matthewborough,2024-08-27
S0962,Robert,Mccarthy,growe@example.org,2.9,Forbesberg,2025-04-22
S0963,Joshua,Thompson,webbmichael@example.net,2.29,Sheilastad,2025-06-28
S0964,Anthony,Rodriguez,douglasgordon@example.com,3.94,Michaelview,2025-10-09
S0965,Kelly,Harris,vsmith@example.com,3.2,Port Kellyhaven,2025-11-17
S0966,Ronald,Garza,bryantmarcus@example.org,2.73,Kimberlystad,2025-06-07
S0967,Todd,Cox,egraham@example.org,3.05,East Lisaborough,2024-06-18
S0968,Courtney,Lang,kingkaren@example.com,2.19,Danielleville,2025-07-25
S0969,Gerald,Williams,lblake@example.net,3.19,Port Jameshaven,2025-07-04
S0970,Bradley,Luna,smithaudrey@example.org,3.98,Port Michael,2025-04-03
S0971,Felicia,Martin,fbaker@example.net,2.4,New Tina,2024-05-11
S0972,Kristen,Rodriguez,sara14@example.com,2.66,Aprilberg,2025-11-08
S0973,James,Jones,karen57@example.com,2.53,Hudsonfort,2025-02-18
S0974,Steven,Mack,dakotacarroll@example.org,3.35,West Tiffanyside,2025-01-18
S0975,Elizabeth,James,steven49@example.org,2.93,Lake Christinaville,2025-03-11
S0976,Dawn,Dyer,georgerachel@example.org,2.65,Lake Wendy,2024-11-05
S0977,Frank,Lopez,watsonjuan@example.org,2.2,West Charles,2025-11-25
S0978,Spencer,Orozco,zacharybishop@example.net,3.2,North Eric,2025-09-29
S0979,Richard,Caldwell,jmoon@example.com,2.23,Amandaton,2024-02-01
S0980,Eddie,Perez,nicholsonbrandon@example.com,2.39,South Kyleville,2024-02-05
S0981,Maurice,Harding,fwilson@example.net,3.9,New Alishaview,2025-09-26
S0982,Brian,Lyons,starkjeanette@example.org,2.14,Travisland,2024-06-18
S0983,Jennifer,Dennis,darrenadams@example.org,2.9,East William,2024-11-01
S0984,Jill,Jordan,amber66@example.com,2.63,Wandafurt,2025-06-07
S0985,Nicolas,Cantrell,rgordon@example.com,3.97,Samuelberg,2025-11-30
S0986,Jonathan,Haley,carolinewolf@example.com,2.76,Mooremouth,2025-09-03
S0987,Lisa,Gomez,whiteheadjames@example.net,2.12,North Patriciafurt,2023-12-25
S0988,Virginia,Ho,jennifersmith@example.org,2.23,Lake Timothyfort,2025-12-15
S0989,James,Oconnell,mary84@example.net,2.98,East Steven,2025-08-31
S0990,Kenneth,Vazquez,gonzalesgregory@example.com,3.21,Reedfort,2024-08-16
S0991,Nicholas,Austin,martinezkristen@example.net,2.62,Weaverton,2025-04-12
S0992,Patrick,Smith,howard52@example.net,3.93,Lake Keith,2024-11-08
S0993,William,Wallace,fcampbell@example.org,3.77,Ericland,2025-05-13
S0994,Katherine,Ramsey,james72@example.net,2.68,Raymondtown,2024-01-18
S0995,Ariana,Oconnor,audreypetty@example.org,2.17,North Laurenland,2025-09-15
S0996,David,Hudson,lydia78@example.com,3.06,Matthewburgh,2024-01-31
S0997,Sheila,Rodriguez,krobinson@example.net,2.63,Smithmouth,2024-08-07
S0998,Vickie,Joyce,griffingregory@example.com,3.78,North Brian,2025-06-18
S0999,Rebecca,Castillo,ycurtis@example.com,3.34,Danieltown,2025-05-30
